Nama,Nilai_Ujian
Ouzen (オーゼン),70.14073426573427
"Yuigahama, Yui (由比ヶ浜 結衣)",72.74259448416751
Hiei (飛影),71.03751803751804
Dabi (荼毘),71.03751803751804
"Nikiforov, Victor (ヴィクトル・ニキフォロフ)",72.74259448416751
"Enoshima, Junko (江ノ島 盾子)",67.46134663341645
Zeke (ジーク),66.44648093841643
"Cha, Hae-In (차해인)",66.37868020304569
"Toga, Himiko (渡我 被身子)",67.46134663341645
"Kishibe, Rohan (岸辺 露伴)",69.23034154090548
"Miyamura, Izumi (宮村 伊澄)",72.74259448416751
"Hijikata, Toushirou (土方 十四郎)",69.23034154090548
"Forger, Anya (アーニャ・フォージャー)",71.03751803751804
"River, Nate (ネイト・リバー)",70.14073426573427
"Uchiha, Madara (うちはマダラ)",71.03751803751804
"Kusakabe, Shinra (森羅 日下部)",66.44648093841643
"Spiegel, Spike (スパイク・スピーゲル)",71.03751803751804
Ikaros (イカロス),71.03751803751804
"Wong Hau Pepelu Tivrusky IV, Edward (エドワード・ウォン・ハウ・ペペル・チブルスキー4世)",66.71498771498771
"Yuuki, Asuna (結城 明日奈 / アスナ)",72.44827586206897
"Ootori, Kyouya (鳳 鏡夜)",70.14073426573427
"Watanabe, You (渡辺 曜)",65.48948374760994
"Takahashi, Ryousuke (高橋 涼介)",65.33366045142296
"Hiiragi, Shinoa (柊 シノア)",72.44827586206897
"Uenoyama, Ritsuka (上ノ山 立夏)",69.23034154090548
"Matsuno, Chifuyu (松野 千冬)",72.74259448416751
"Kurogane, Ikki (黒鉄 一輝)",65.33366045142296
Raphtalia (ラフタリア),67.97878787878788
"Ootani, Atsushi (大谷敦士)",65.33366045142296
Lancer (ランサー),66.44648093841643
"Kyan, Reki (喜屋武 暦)",72.74259448416751
Lum (ラム),65.33366045142296
"Archiviste, Noé (ノエ・アルシヴェスト)",69.23034154090548
"Tatsumi, Koutarou (巽 幸太郎)",66.44648093841643
"Akiyama, Mio (秋山 澪)",71.03751803751804
"Shiina, Mahiru (椎名 真昼)",66.44648093841643
Maomao (猫猫),71.03751803751804
"Kiryuuin, Satsuki (鬼龍院 皐月)",72.74259448416751
"Ryuu, Jusetsu (柳 寿雪)",66.44648093841643
"Kochou, Shinobu (胡蝶 しのぶ)",72.74259448416751
"Kotoishi, Naru (琴石 なる)",71.03751803751804
"Speedwagon, Robert E. O. (ロバート・E・O・スピードワゴン)",66.44648093841643
"Saotome, Ranma (早乙女 乱馬)",65.33366045142296
"Katou, Megumi (加藤 恵)",71.03751803751804
"Sento, Isuzu (千斗 いすず)",65.88888888888889
"Strife, Cloud (クラウド・ストライフ)",66.97101449275362
"Nendou, Riki (燃堂 力)",65.33366045142296
"Yaguchi, Yatora (矢口 八虎)",66.44648093841643
"Ogino, Chihiro (荻野 千尋)",66.44648093841643
"Konno, Yuuki (紺野 木綿季)",69.23034154090548
"Nagumo, Hajime (南雲 ハジメ)",65.33366045142296
"Satou, Mafuyu (佐藤 真冬)",72.74259448416751
"Sung, Jin-Woo (성 진우)",70.9160530191458
"Kirishima, Eijirou (切島 鋭児郎)",71.03751803751804
"Hirasawa, Yui (平沢 唯)",71.03751803751804
"Michaelis, Sebastian (セバスチャン・ミカエリス)",71.03751803751804
"Amane, Misa (弥 海砂)",71.03751803751804
Yato (夜ト),72.74259448416751
"Mashiro, Moritaka (真城 最高)",65.33366045142296
"Oga, Tatsumi (男鹿 辰巳)",65.33366045142296
"Plisetsky, Yuri (ユーリ・プリセツキー)",72.74259448416751
"Yuuki, Makoto (有里 湊 / 結城 理)",66.44648093841643
"Dreyar, Laxus (ラクサス・ドレアー)",66.44648093841643
"Souma, Momiji (草摩 紅葉)",66.02214022140221
"Yatogami, Tooka (夜刀神 十香)",69.23034154090548
"Lagusa, Angelo (アヴィリオ・ブルーノ / アンジェロ・ラクーザ)",67.97878787878788
Diablo (ディアブロ),69.23034154090548
Alucard (アーカード),74.75775434243177
"Miniwa, Tsumiki (御庭 つみき)",66.44648093841643
"Shirayuki, Mizore (白雪 みぞれ)",66.37868020304569
"Stein, Franken (フランケン シュタイン)",69.23034154090548
"Arima, Kousei (有馬 公生)",70.9160530191458
"Higashikata, Jousuke (東方 定助)",67.46134663341645
"Ichinose, Kotomi (一ノ瀬 ことみ)",66.71498771498771
Ymir (ユミル),65.33366045142296
Frieren (フリーレン),72.74259448416751
"Nota Seniorious, Chtholly (クトリ・ノタ・セニオリス)",67.46134663341645
"Tsutsukakushi, Tsukiko (筒隠 月子)",65.33366045142296
"Sukehiro, Yami (ヤミ・スケヒロ)",71.03751803751804
Kumoko (私),69.23034154090548
"Degurechaff, Tanya (ターニャ・デグレチャフ)",72.74259448416751
"Oshino, Meme (忍野 メメ)",69.23034154090548
The Skull Knight (髑髏の騎士),67.18857142857142
"Hyakuya, Yuuichirou (百夜 優一郎)",70.14073426573427
"Nanba, Mutta (南波六太)",66.37868020304569
"Harvent, Miria (ミリア・ハーヴェント)",69.23034154090548
"Argyle, Felix (フェリックス・アーガイル / フェリス)",65.88888888888889
"Sakuragi, Hanamichi (桜木 花道)",72.74259448416751
"Hoshino, Ai (星野 アイ)",71.03751803751804
"Mabuchi, Kou (馬渕 洸)",65.88888888888889
"Hazuki, Nagisa (葉月 渚)",70.9160530191458
"Cranel, Bell (ベル・クラネル)",69.23034154090548
"Mitsuba, Sousuke (三葉 惣助)",65.33366045142296
"Yashiro, Nene (八尋 寧々)",66.44648093841643
"Okumura, Rin (奥村 燐)",72.74259448416751
"Furude, Rika (古手 梨花)",71.03751803751804
Jeanne (ジャンヌ),66.44648093841643
"Rengoku, Kyoujurou (煉獄 杏寿郎)",72.74259448416751
"Pheles, Mephisto (メフィスト・フェレス)",66.02214022140221
"Evergarden, Violet (ヴァイオレット・エヴァーガーデン)",72.74259448416751
Yami Yuugi (闇の遊戯),70.9160530191458
Shiro (シロ),69.23034154090548
Death the Kid (デス・ザ・キッド),69.23034154090548
"Aioi, Yuuko (相生 祐子)",67.46134663341645
"Gasai, Yuno (我妻 由乃)",71.03751803751804
"Victoria, Seras (セラス・ヴィクトリア)",66.37868020304569
"Ishida, Uryuu (石田 雨竜)",66.37868020304569
"Katsura, Kotarou (桂 小太郎)",71.03751803751804
"Kaburagi, Kotetsu T. (鏑木・Ｔ・虎徹/ ワイルドタイガー)",66.54481132075472
"Milizé, Vladilena (ヴラディレーナ・ミリーゼ)",69.23034154090548
All Might (オール・マイト),68.68656716417911
"Ayanami, Rei (綾波 レイ)",74.75775434243177
"Giovanna, Giorno (ジョルノ・ジョバァーナ)",71.03751803751804
"Midorima, Shintarou (緑間 真太郎)",71.03751803751804
"Saluja, Alibaba (アリババ・サルージャ)",65.88888888888889
"Katsuragi, Misato (葛城 ミサト)",71.03751803751804
"Sakagami, Tomoyo (坂上 智代)",66.37868020304569
"Marvell, Wendy (ウェンディ・マーベル)",63.96949602122016
"Sanka, Rea (散華 礼弥)",66.44648093841643
Denji (デンジ),72.74259448416751
"Armstrong, Alex Louis (アレックス・ルイ・アームストロング)",66.02214022140221
"Migurdia, Roxy (ロキシー・ミグルディア)",72.74259448416751
"Nishikigi, Chisato (錦木 千束)",71.03751803751804
"Kuwabara, Kazuma (桑原 和真)",67.40469973890339
Iris (アイリス),66.02214022140221
"Azusagawa, Kaede (梓川 花楓)",66.44648093841643
Caiman (カイマン),69.23034154090548
"Souryuu, Asuka Langley (惣流・アスカ・ラングレー)",72.74259448416751
"Tsukiyama, Shuu (月山 習)",70.14073426573427
"Emiya, Kiritsugu (衛宮 切嗣)",71.03751803751804
"Morita, Shinobu (森田 忍)",65.33366045142296
"Braun, Gabi (ガビ・ブラウン)",71.03751803751804
"Mercury, Rory (ロゥリィ・マーキュリー)",71.03751803751804
"Okita, Sougo (沖田 総悟)",67.97878787878788
"Kotegawa, Chisa (古手川 千紗)",72.74259448416751
"Echizen, Ryouma (越前  リョーマ)",66.02214022140221
Tatsumaki (戦慄のタツマキ),72.74259448416751
"Ishigami, Senkuu (石神 千空)",71.03751803751804
Archer (アーチャー),71.03751803751804
"Samejima, Mamimi (サメジマ・マミ美)",67.46134663341645
"Kanzaki, Urumi (神崎 麗美)",66.44648093841643
"Futaba, Rio (双葉 理央)",69.23034154090548
"Midoriya, Izuku (緑谷 出久)",74.75775434243177
"Haninozuka, Mitsukuni (埴之塚 光邦)",66.44648093841643
Balalaika (バラライカ),71.03751803751804
"Shihouin, Yoruichi (四楓院 夜一)",71.03751803751804
"Lamperouge, Lelouch (ルルーシュ・ランペルージ)",74.24150943396226
"Nakiri, Erina (薙切 えりな)",72.74259448416751
Phosphophyllite (フォスフォフィライト),72.74259448416751
Morgiana (モルジアナ),66.44648093841643
"Izumi, Shinichi (泉 新一)",70.14073426573427
Kino (キノ),72.74259448416751
"Deviluke, Lala Satalin (ララ・サタリン・デビルーク)",65.33366045142296
"Hino, Rei (火野 レイ)",66.54481132075472
"Nijimura, Okuyasu (虹村 億泰)",66.71498771498771
Lucy (ルーシー),71.03751803751804
"Hanagaki, Takemichi (花垣 武道)",66.02214022140221
"Nara, Shikamaru (奈良 シカマル)",72.74259448416751
Aladdin (アラジン),71.03751803751804
"Aizawa, Shouta (相澤 消太)",72.74259448416751
"Gotou, Hitori (後藤 ひとり)",71.03751803751804
"Wallenstein, Ais (アイズ・ヴァレンシュタイン)",68.68656716417911
"Fujiwara, Bunta (藤原 文太)",65.33366045142296
"Anarchy, Stocking (ストッキング・アナーキー)",66.02214022140221
"Okazaki, Tomoya (岡崎 朋也)",74.24150943396226
Himmel (ヒンメル),66.02214022140221
"Aragaki, Ayase (新垣 あやせ)",64.62666666666667
"Asui, Tsuyu (蛙吹 梅雨)",72.74259448416751
"Portgas D., Ace (ポートガス・D・エース)",71.03751803751804
"Anderson, Alexander (アレクサンド・アンデルセン)",65.48948374760994
"Tempest, Rimuru (リムル＝テンペスト)",71.03751803751804
"Getou, Suguru (夏油 傑)",70.14073426573427
"Thierry, Laurent (ローラン・ティエリー)",65.33366045142296
"Kagamihara, Nadeshiko (各務原 なでしこ)",68.68656716417911
Ein (アイン),69.23034154090548
"Albarn, Maka (マカ＝アルバーン)",67.18857142857142
"Fujibayashi, Kyou (藤林 杏)",70.9160530191458
"Zenin, Maki (禪院 真希)",71.03751803751804
"Kamado, Nezuko (竈門 禰豆子)",72.74259448416751
"Momobami, Kirari (桃喰 綺羅莉)",63.74794069192751
"Hitachiin, Kaoru (常陸院 馨)",69.23034154090548
Tatsumi (タツミ),70.14073426573427
"Iwakura, Lain (岩倉 玲音)",71.03751803751804
"Nakano, Nino (中野 二乃)",72.74259448416751
Togata (トガタ),65.88888888888889
Zero Two (ゼロツー),74.75775434243177
"Azusagawa, Sakuta (梓川 咲太)",69.23034154090548
"Suwa, Hiroto (須和 弘人)",67.97878787878788
"Ogiwara, Sayu (荻原 沙優)",65.88888888888889
"Kuujou, Joutarou (空条 承太郎)",71.03751803751804
Jin (仁),71.03751803751804
"Ackerman, Mikasa (ミカサ・アッカーマン)",72.74259448416751
Rem (レム),70.14073426573427
"Callenreese, Aslan Jade (アスラン・ジェイド・カーレンリース / アッシュ・リンクス)",68.68656716417911
"Paladiknight, Leorio (レオリオ=パラディナｲﾄ)",69.23034154090548
"Sunohara, Youhei (春原 陽平)",65.88888888888889
Hei (黒（ヘイ）),69.23034154090548
"Kanbaru, Suruga (神原 駿河)",69.23034154090548
"Fullbuster, Gray (グレイ・フルバスター)",74.75775434243177
"Doma, Umaru (土間 埋)",70.9160530191458
"Okumura, Eiji (奥村 英二)",70.14073426573427
Vash the Stampede (ヴァッシュ・ザ・スタンピード),74.75775434243177
Monokuma (モノクマ),66.44648093841643
"Onizuka, Eikichi (鬼塚 英吉)",74.24150943396226
"Endo, Kenji (遠藤 健児)",70.9160530191458
"Hitachiin, Hikaru (常陸院 光)",72.74259448416751
"Lawrence, Kraft (クラフト・ロレンス)",63.74794069192751
"Vessalius, Oz (オズ＝ベザリウス)",65.88888888888889
"Makunouchi, Ippo (幕之内 一歩)",71.03751803751804
"Kazehaya, Shouta (風早 翔太)",65.88888888888889
Akatsuki (アカツキ),65.88888888888889
"Nishimiya, Yuzuru (西宮 結絃)",69.23034154090548
"Lan, Wangji (蓝 忘机)",65.88888888888889
"Nakano, Yotsuba (中野 四葉)",69.23034154090548
"Zoldyck, Killua (キルア・ゾルディック)",74.75775434243177
"Hatori, Chise (羽鳥 智世)",70.9160530191458
"Morow, Hisoka (ヒソカ・モロウ)",71.03751803751804
"Asakura, You (麻倉 葉)",70.14073426573427
"Misaki, Mei (見崎 鳴)",71.03751803751804
"Otonashi, Yuzuru (音無結弦)",68.68656716417911
"Mikk, Tyki (ティキ・ミック)",67.97878787878788
"Blood, Staz Charlie (ブラッド・チャーリー・スタズ)",65.33366045142296
Ram (ラム),72.74259448416751
"Zeppeli, Caesar Anthonio (シーザー・アントニオ・ツェペリ)",63.74794069192751
"Nightray, Gilbert (ギルバート＝ナイトレイ)",70.9160530191458
"Le Blanc de La Vallière, Louise Françoise (ルイズ・フランソワーズ・ル・ブラン・ド・ラ・ヴァリエール)",72.74259448416751
"Aizen, Sousuke (藍染 惣右介)",72.74259448416751
"Kawai, Rika (川井 リカ)",63.74794069192751
Bondrewd (ボンドルド),69.23034154090548
"Komatsu, Nana (小松 奈々)",69.23034154090548
"Kamado, Tanjirou (竈門 炭治郎)",72.74259448416751
"Itou, Kaiji (伊藤開司)",71.03751803751804
"Kawashima, Ami (川嶋 亜美)",65.88888888888889
Sylphiette (シルフィエット),71.03751803751804
"Cavendish, Diana (ダイアナ・キャベンディッシュ)",64.62666666666667
"Matsuzaka, Satou (松阪 さとう)",63.96949602122016
Jinbe (ジンベエ),71.03751803751804
"Ijichi, Nijika (伊地知 虹夏)",70.14073426573427
Yin (銀),66.02214022140221
"Kotobuki, Tsumugi (琴吹 紬)",72.44827586206897
"Souma, Kyou (草摩 夾)",72.74259448416751
"Bucciarati, Bruno (ブローノ・ブチャラティ)",72.74259448416751
"Brando, Diego (ディエゴ・ブランド)",66.02214022140221
Shin-ah (シンア),65.33366045142296
"Nagisa, Kaworu (渚 カヲル)",71.03751803751804
"Li, Shaoran (李 小狼)",66.37868020304569
"Saten, Ruiko (佐天 涙子)",72.74259448416751
"Okkotsu, Yuuta (乙骨 憂太)",71.03751803751804
"Ushiromiya, Battler (右代宮 戦人)",67.18857142857142
Kyon (キョン),71.03751803751804
"Suou, Tamaki (須王 環)",72.74259448416751
"Nico, Robin (ニコ・ロビン)",74.75775434243177
"Kaga, Kouko (加賀 香子)",67.18857142857142
"Isshiki, Iroha (一色 いろは)",72.74259448416751
Obi (オビ),66.44648093841643
Satoshi (サトシ),65.33366045142296
"Tendou, Satori (天童 覚)",66.44648093841643
"Elric, Alphonse (アルフォンス・エルリック)",71.03751803751804
"Tsugumi, Seishirou (鶫 誠士郎)",63.96949602122016
"Honda, Tooru (本田 透)",72.44827586206897
"von Lohengramm, Reinhard (ラインハルト・フォン・ローエングラム)",71.03751803751804
"Kuroba, Kaito (黒羽 快斗)",71.03751803751804
Maple (メイプル),63.96949602122016
"Itoshiki, Nozomu (糸色 望)",74.75775434243177
"Satou, Tatsuhiro (佐藤 達広)",66.97101449275362
Batou (バトー),63.96949602122016
"Senji, Kiyomasa (千地 清正)",63.74794069192751
"Heartnet, Train (トレイン＝ハートネット)",69.23034154090548
"Minami, Kotori (南 ことり)",65.88888888888889
"Kaneda, Shoutarou (金田 正太郎)",63.96949602122016
Togame (とがめ),66.44648093841643
"Blouse, Sasha (サシャ・ブラウス)",70.14073426573427
"Stadtfeld, Kallen (カレン・シュタットフェルト, 紅月カレン)",70.9160530191458
"Wei, Wuxian (魏 无羡)",71.03751803751804
"Shirai, Kuroko (白井 黒子)",71.03751803751804
Shiroe (シロエ),70.9160530191458
Watashi (私),66.44648093841643
"Kiyose, Haiji (清瀬 灰二)",65.33366045142296
"Pucci, Enrico (エンリコ・プッチ)",65.33366045142296
"Asagiri, Gen (あさぎり ゲン)",71.03751803751804
"Zeppeli, Gyro (ジャイロ・ツェペリ)",71.03751803751804
"Suzuki, Iruma (鈴木 入間)",67.40469973890339
"Amamiya, Ren (雨宮 蓮)",65.33366045142296
Vanitas (ヴァニタス),71.03751803751804
"Sawamura, Eijun (沢村 栄純)",65.33366045142296
"Deviluke, Momo Belia (モモ・ベリア・デビルーク)",71.03751803751804
Fubuki (地獄のフブキ),65.33366045142296
"Wang, Qi (王騎)",69.23034154090548
Sara (サラ),72.74259448416751
"Kururugi, Suzaku (枢木 スザク)",66.54481132075472
Pochita (ポチタ),72.74259448416751
"Boa, Hancock (ボア・ハンコック)",71.03751803751804
"Kirisaki, Chitoge (桐崎 千棘)",72.74259448416751
"Ichinose, Chizuru (一ノ瀬 ちづる)",72.74259448416751
"Yamamoto, Takeshi (山本 武)",65.33366045142296
"Mori, Buntarou (森 文太郎)",69.23034154090548
"Tadokoro, Megumi (田所 恵)",69.23034154090548
Akaza (猗窩座),66.4142259414226
"Furukawa, Akio (古河秋生)",67.46134663341645
"Hoshino, Yutaka (星野 裕)",63.74794069192751
"Watch, Leonardo (レオナルド・ウォッチ)",69.23034154090548
"Kani, Nayuta (可児 那由多)",65.33366045142296
"Isagi, Yoichi (潔 世一)",72.74259448416751
Saber (セイバー),66.44648093841643
Kenshirou (ケンシロウ),72.74259448416751
"Tsuyuri, Kanao (栗花落 カナヲ)",68.68656716417911
"Otosaka, Yuu (乙坂 有宇)",71.03751803751804
Hiro (ヒロ),66.44648093841643
Ray (レイ),72.74259448416751
"Dragneel, Natsu (ナツ・ドラグニル)",74.24150943396226
Beatrice (ベアトリス),69.23034154090548
"Akise, Aru (秋瀬 或)",70.9160530191458
Guts (ガッツ),71.03751803751804
Dandy (ダンディ),66.44648093841643
"Koibuchi, Kuranosuke (鯉淵 蔵之介)",70.9160530191458
"Hinata, Shouyou (日向 翔陽)",74.75775434243177
Uta (ウタ),72.74259448416751
"Son, Gokuu (孫 悟空)",69.23034154090548
Momonga (モモンガ),72.74259448416751
"Kuronuma, Sawako (黒沼 爽子)",71.03751803751804
"Kaminari, Denki (上鳴 電気)",67.18857142857142
"Mustang, Roy (ロイ・マスタング)",71.03751803751804
Yui (ユイ),67.46134663341645
"Joestar, Johnny (ジョニィ・ジョースター)",72.74259448416751
Kagura (神楽),72.44827586206897
"Nakahara, Misaki (中原 岬)",66.97101449275362
Makima (マキマ),72.74259448416751
"Hyuuga, Hinata (日向 ヒナタ)",71.03751803751804
"Mankanshoku, Mako (満艦飾 マコ)",67.46134663341645
Nezumi (ネズミ),71.03751803751804
"Makishima, Shougo (槙島 聖護)",71.03751803751804
"Hyuuga, Neji (日向 ネジ)",72.74259448416751
Meliodas (メリオダス),71.03751803751804
"Emiya, Shirou (衛宮 士郎)",69.23034154090548
Nanachi (ナナチ),72.74259448416751
Albedo (アルベド),70.9160530191458
Gaara (我愛羅),72.74259448416751
"de Jarjayes, Oscar François (オスカル・フランソワ・ド・ジャルジェ)",65.88888888888889
"Hatsuseno, Alpha (初瀬野アルファ)",63.96949602122016
"Sarashina, Ruka (更科 瑠夏)",67.18857142857142
"Hiruma, Youichi (蛭魔 妖一)",70.9160530191458
"Uraraka, Ochako (麗日 お茶子)",66.02214022140221
"Kanda, Yuu (神田 ユウ)",70.9160530191458
Hestia (ヘスティア),71.03751803751804
"Donquixote, Doflamingo (ドンキホーテ・ドフラミンゴ)",71.03751803751804
"Kurosaki, Ichigo (黒崎 一護)",74.24150943396226
Piccolo (ピッコロ),67.18857142857142
"Tsukino, Usagi (月野 うさぎ)",72.74259448416751
"Yazawa, Niko (矢澤 にこ)",71.03751803751804
"Nagatoro, Hayase (長瀞 早瀬)",72.74259448416751
"Oreki, Houtarou (折木 奉太郎)",71.03751803751804
Madara (斑),69.23034154090548
Kobayashi (小林さん),70.9160530191458
"Souma, Yuki (草摩 由希)",65.88888888888889
"Asuka, Ryou (飛鳥 了)",65.33366045142296
Sesshoumaru (殺生丸),72.74259448416751
"Arlert, Armin (アルミン・アルレルト)",72.44827586206897
"Kotegawa, Yui (古手川 唯)",63.74794069192751
"Kirishima, Touka (霧嶋 董香)",72.74259448416751
"Novachrono, Julius (ユリウス・ノヴァクロノ)",63.96949602122016
Kurapika (クラピカ),72.44827586206897
"Urameshi, Yuusuke (浦飯 幽助)",69.23034154090548
"Namikaze, Minato (波風 ミナト)",69.23034154090548
"Shiina, Mayuri (椎名 まゆり)",72.74259448416751
"Kasuga, Arata (春日 アラタ)",65.33366045142296
"Tokuchi, Toua (渡久地 東亜)",70.14073426573427
"Osana, Najimi (長名 なじみ)",72.74259448416751
Genos (ジェノス),71.03751803751804
"Sutcliff, Grell (グレル・サトクリフ)",69.23034154090548
"Kuroki, Tomoko (黒木 智子)",71.03751803751804
"Forger, Loid (ロイド・フォージャー)",70.14073426573427
"Hughes, Maes (マース・ヒューズ)",71.03751803751804
"Okabe, Rintarou (岡部 倫太郎)",71.03751803751804
"Miyazono, Kaori (宮園 かをり)",72.74259448416751
"Armstrong, Olivier Mira (オリヴィエ・ミラ・アームストロング)",72.74259448416751
"Kaiki, Deishuu (貝木 泥舟)",71.03751803751804
"Sonoda, Umi (園田 海未)",66.02214022140221
Black☆Star (ブラック☆スター),72.74259448416751
"Hikigaya, Hachiman (比企谷 八幡)",72.44827586206897
"Yoshida, Haru (吉田 春)",72.74259448416751
"Ooe, Kintarou (大江 錦太郎)",66.02214022140221
"Nanase, Haruka (七瀬 遙)",69.23034154090548
"Grimmer, Wolfgang (ヴォルフガンググリマー)",71.03751803751804
"Komi, Shouko (古見 硝子)",72.74259448416751
"Testarossa, Fate (フェイト・テスタロッサ)",65.88888888888889
"Kumagawa, Misogi (球磨川 禊)",75.32440657334145
Haku (ハク),65.33366045142296
"Itsuka, Kotori (五河 琴里)",67.18857142857142
"Baji, Keisuke (場地 圭介)",66.97101449275362
"Honda, Gorou (茂野 吾郎)",65.33366045142296
"Hayasaka, Ai (早坂 愛)",74.24150943396226
"Hoshino, Ruby (星野 瑠美衣)",66.44648093841643
"Kuran, Kaname (玖蘭 枢)",72.74259448416751
Kusuriuri (薬売り),72.74259448416751
"Gouda, Takeo (剛田 猛男)",65.33366045142296
"Sasaki, Haise (佐々木 琲世)",72.74259448416751
"Break, Xerxes (ザークシーズ＝ブレイク)",71.03751803751804
"Kousaka, Reina (高坂 麗奈)",70.9160530191458
"Takasugi, Shinsuke (高杉 晋助)",69.23034154090548
"Khun, Aguero Agnes (쿤 아게로 아그니스 / クン・アゲロ・アグネス)",71.03751803751804
"Shirogane, Miyuki (白銀 御行)",71.03751803751804
Akashi (明石),65.33366045142296
"Wolfwood, Nicholas D. (ニコラス・D・ウルフウッド)",66.44648093841643
Brook (ブルック),71.03751803751804
"Kurosawa, Kakeru (黒沢翔)",66.02214022140221
"Aomine, Daiki (青峰 大輝)",74.24150943396226
San (サン),65.33366045142296
"Haruno, Sakura (春野 サクラ)",70.9160530191458
C.C. (シー・ツー),71.03751803751804
"Voltia, Luck (ラック・ボルディア)",66.37868020304569
"Inverse, Lina (リナ・インバース)",66.02214022140221
"Zoë, Hange (ハンジ・ゾエ)",74.75775434243177
Phil (フィル),66.44648093841643
"Hatake, Kakashi (はたけ カカシ)",72.44827586206897
"Jaegerjaquez, Grimmjow (グリムジョー・ジャガージャック)",72.74259448416751
"Tokoyami, Fumikage (常闇 踏陰)",66.44648093841643
"Kanoe, Yuuko (庚 夕子)",76.53668763102725
"Gundou, Misuzu (群堂 みすず)",66.44648093841643
Ban (バン),66.71498771498771
Reg (レグ),66.44648093841643
"Akashi, Seijuurou (赤司 征十郎)",70.14073426573427
"Oshino, Ougi (忍野 扇)",72.74259448416751
"Hirako, Shinji (平子 真子)",63.96949602122016
"Shikimori, Miyako (式守都)",67.97878787878788
"Kageyama, Shigeo (影山 茂夫)",71.03751803751804
"Hachikuji, Mayoi (八九寺 真宵)",70.9160530191458
"Littner, Yoko (ヨーコ・リットナー)",67.18857142857142
"Tomoe, Mami (巴 マミ)",71.03751803751804
"Sakurasawa, Sumi (桜沢 墨)",69.23034154090548
Ginko (ギンコ),72.74259448416751
Kuroyukihime (黒雪姫),65.88888888888889
"Xie, Lian (谢 怜)",65.33366045142296
"Hayakawa, Aki (早川 アキ)",72.74259448416751
"Tenma White, Gabriel (天真=ガヴリール=ホワイト)",63.74794069192751
Vivy (ヴィヴィ),72.74259448416751
"Higurashi, Kagome (日暮 かごめ)",70.9160530191458
"Sengoku, Nadeko (千石 撫子)",71.03751803751804
"Oikawa, Tooru (及川 徹)",69.23034154090548
"Takami, Keigo (鷹見 啓悟)",66.44648093841643
Franky (フランキー),70.14073426573427
"Montgomery, Lucy Maud (ルーシー・モード・モンゴメリ)",66.75105485232068
"Nifuji, Hirotaka (二藤 宏高)",65.33366045142296
"Hasegawa, Langa (馳河 ランガ)",65.33366045142296
"Tsushima, Yoshiko (津島 善子)",66.44648093841643
"Komai, Hasuki (狛井 蓮季)",66.44648093841643
"Trafalgar, Law (トラファルガー・ロー)",71.03751803751804
Lavi (ラビ),68.68656716417911
"Suou, Mikoto (周防 尊)",74.68365553602811
Akame (アカメ),71.03751803751804
Yona (ヨナ),67.18857142857142
"Akagi, Shigeru (赤木しげる)",65.33366045142296
"Katagiri, Yuuichi (片切 友一)",71.03751803751804
Alice (アリス),65.33366045142296
"Shiratori, Aira (白鳥 愛羅)",71.03751803751804
Ichigo (イチゴ),74.24150943396226
"Chitanda, Eru (千反田 える)",67.97878787878788
"Kirigaya, Kazuto (桐ヶ谷 和人)",74.75775434243177
"Nakamura, Sawa (仲村 佐和)",69.23034154090548
"Niizuma, Eiji (新妻 エイジ)",65.33366045142296
"Akemi, Homura (暁美 ほむら)",71.03751803751804
Sabo (サボ),63.96949602122016
"Fushiguro, Megumi (伏黒 恵)",72.74259448416751
Envy (エンヴィー),70.9160530191458
Lubbock (ラバック),67.97878787878788
"Sakurajima, Mai (桜島 麻衣)",72.44827586206897
"Hitsugaya, Toushirou (日番谷 冬獅郎)",67.46134663341645
"Cheng, Xiaoshi (程 小時)",70.9160530191458
"Fujiwara, Chika (藤原 千花)",69.23034154090548
"Claes, Catarina (カタリナ・クラエス)",66.44648093841643
"Kafuu, Chino (香風 智乃)",65.33366045142296
"Oumae, Kumiko (黄前 久美子)",72.74259448416751
"Kitahara, Iori (北原 伊織)",67.97878787878788
"Nakano, Azusa (中野 梓)",68.68656716417911
"Nakahara, Chuuya (中原 中也)",71.03751803751804
"Ryuuguu, Rena (竜宮 レナ)",71.03751803751804
"Ichinose, Guren (一瀬 グレン)",67.97878787878788
Gin (ギン),71.03751803751804
"Kuriyama, Mirai (栗山 未来)",71.03751803751804
"Kotatsu, Tamaki (環 古達)",66.44648093841643
Konjiki no Yami (金色の闇),70.9160530191458
"Shiina, Mashiro (椎名 ましろ)",69.23034154090548
"Toogata, Mirio (通形 ミリオ)",66.02214022140221
"Kawamoto, Hinata (川本 ひなた)",70.9160530191458
"Gojou, Satoru (五条 悟)",72.74259448416751
Accelerator (一方通行 〈アクセラレータ〉),72.74259448416751
"Natsume, Takashi (夏目貴志)",71.03751803751804
"Kagami, Taiga (火神 大我)",67.18857142857142
Rider (ライダー),69.23034154090548
"Ueno, Naoka (植野 直花)",63.74794069192751
"Ayase, Chihaya (綾瀬 千早)",72.74259448416751
Echidna (エキドナ),71.03751803751804
"Shinmon, Benimaru (紅丸 新門)",68.68656716417911
Pikachu (ピカチュウ),65.33366045142296
Power (パワー),72.74259448416751
"Ryuuguuji, Ken (龍宮寺 堅)",65.39733333333334
Tatsu (龍),66.44648093841643
"Yamaguchi, Tadashi (山口 忠)",63.96949602122016
Shanks (シャンクス),72.74259448416751
Crona (クロナ),71.03751803751804
"Sakata, Gintoki (坂田 銀時)",72.74259448416751
"Uchiha, Itachi (うちは イタチ)",74.75775434243177
"Toshinou, Kyouko (歳納 京子)",67.18857142857142
"Mizunashi, Akari (水無 灯里)",72.74259448416751
"Kageyama, Tobio (影山 飛雄)",72.74259448416751
Satou (佐藤),67.46134663341645
"Takimoto, Hifumi (滝本 ひふみ)",67.18857142857142
"Haruhara, Haruko (ハルハラ・ハル子)",72.74259448416751
Eureka (エウレカ),66.44648093841643
"Rokudou, Mukuro (六道 骸)",63.96949602122016
Gilgamesh (ギルガメッシュ / アーチャー),71.03751803751804
"Akashiya, Moka (赤夜 萌香)",66.71498771498771
"Roronoa, Zoro (ロロノア・ゾロ)",74.75775434243177
"Yagami, Kazuma (八神 和麻)",65.33366045142296
"Tokitou, Muichirou (時透 無一郎)",69.23034154090548
Eugeo (ユージオ),66.02214022140221
Greed (グリード),71.03751803751804
Emma (エマ),70.9160530191458
Pen Pen (ペンペン),66.44648093841643
"Donquixote, Rosinante (ドンキホーテ・ロシナンテ)",70.9160530191458
"Gokudera, Hayato (獄寺 隼人)",64.62666666666667
"Yamada, Ryou (山田 リョウ)",65.33366045142296
"Mitsuya, Takashi (三ツ谷 隆)",65.33366045142296
"Kiryuu, Zero (錐生 零)",72.74259448416751
"Tomori, Nao (友利 奈緒)",72.74259448416751
"Uchiha, Obito (うちは オビト)",72.74259448416751
Hyakkimaru (百鬼丸),72.74259448416751
"Ludenberg, Celestia (セレスティア・ルーデンベルク)",65.33366045142296
Xin (信),69.23034154090548
Tanaka (田中),66.44648093841643
"Shokuhou, Misaki (食蜂 操祈)",65.33366045142296
"Kusanagi, Motoko (草薙 素子)",69.23034154090548
"Hiroi, Kikuri (廣井 きくり)",65.88888888888889
"Chidori, Kaname (千鳥 かなめ)",69.23034154090548
Kaonashi (カオナシ),66.44648093841643
"Yonsa, Balsa (バルサ)",66.54481132075472
"Kamui, Kanna (カンナ・カムイ)",74.75775434243177
Yuno (ユノ),63.96949602122016
"Shimura, Shinpachi (志村 新八)",66.44648093841643
Calcifer (カルシファー),67.40469973890339
"Aznable, Char (シャア・アズナブル)",67.18857142857142
"Usami, Akihiko (宇佐見 秋彦)",65.88888888888889
"Tsukiyomi, Ikuto (月詠 幾斗)",67.18857142857142
"Sonozaki, Mion (園崎 魅音)",67.18857142857142
"Uzui, Tengen (宇髄 天元)",71.03751803751804
Mine (マイン),65.33366045142296
Chii (ちぃ),69.23034154090548
"Fujioka, Haruhi (藤岡 ハルヒ)",71.03751803751804
"Monkey D., Luffy (モンキー・D・ルフィ)",72.74259448416751
"Edward, Newgate (エドワード・ニューゲート)",70.9160530191458
"Lupin III, Arsene (ルパン三世)",70.9160530191458
"Misaka, Mikoto (御坂 美琴)",72.74259448416751
"Shiraishi, Urara (白石 うらら)",65.88888888888889
"Hua, Cheng (花 城)",71.03751803751804
"Takarada, Rikka (宝多 六花)",63.96949602122016
"Bachira, Meguru (蜂楽 廻)",69.23034154090548
Totoro (トトロ),67.18857142857142
"Miyamoto, Musashi (宮本 武蔵)",71.03751803751804
"Tachibana, Makoto (橘 真琴)",65.33366045142296
"Kirisu, Mafuyu (桐須 真冬)",65.33366045142296
"Toujou, Koneko (塔城 小猫)",72.74259448416751
"Uryuu, Minene (雨流 みねね)",71.03751803751804
"Okazaki, Shinichi (岡崎 真一)",72.74259448416751
"Trancy, Alois (アロイス・トランシー)",63.74794069192751
Gabimaru (画眉丸),67.97878787878788
"Kida, Masaomi (紀田正臣)",65.88888888888889
"Forger, Yor (ヨル・フォージャー)",72.74259448416751
Norman (ノーマン),71.03751803751804
"Kotomine, Kirei (言峰 綺礼)",69.23034154090548
"Kasumigaoka, Utaha (霞ヶ丘 詩羽)",65.33366045142296
Himeno (姫野),64.62666666666667
Yamato (ヤマト),71.03751803751804
Garou (ガロウ),72.74259448416751
Zeref (ゼレフ),66.02214022140221
Isla (アイラ),70.14073426573427
Jibril (ジブリール),72.74259448416751
Suigintou (水銀燈),66.44648093841643
Siesta (シエスタ),63.96949602122016
"Kanamori, Sayaka (金森 さやか)",65.33366045142296
"Dian, Isaac (アイザック・ディアン)",72.74259448416751
"Shiba, Miyuki (司波 深雪)",66.44648093841643
"Tsuruga, Ren (敦賀 蓮 / 久遠 ヒズり)",63.96949602122016
"Senjougahara, Hitagi (戦場ヶ原 ひたぎ)",72.74259448416751
"Gokou, Ruri (五更 瑠璃)",72.74259448416751
"Gremory, Rias (リアス・グレモリー)",72.74259448416751
Shin (心),65.33366045142296
"Zuberg, Alice (アリス・ツーベルク)",72.74259448416751
"Shima, Rin (志摩 リン)",71.03751803751804
Reki (礫),67.97878787878788
"Miyamizu, Mitsuha (宮水 三葉)",66.02214022140221
"Jabami, Yumeko (蛇喰 夢子)",74.75775434243177
"Valentine, Funny (ファニー・ヴァレンタイン)",69.23034154090548
"Honda, Hanako (本田 華子)",67.40469973890339
"Toujou, Nozomi (東條 希)",69.23034154090548
"Kurokawa, Akane (黒川 あかね)",71.03751803751804
"Inumaki, Toge (狗巻 棘)",72.74259448416751
"Fuwa, Aika (不破 愛花)",66.44648093841643
"Kozume, Kenma (孤爪 研磨)",71.03751803751804
"Higashiyama, Kobeni (東山 コベニ)",72.74259448416751
"Ye, Xiu (叶 修)",65.39733333333334
"Handa, Sei (半田 清舟)",65.33366045142296
"Koizumi, Risa (小泉リサ)",67.46134663341645
Fushi (不死 (フシ)),70.14073426573427
Ashitaka (アシタカ),65.33366045142296
"Takasu, Ryuuji (高須 竜児)",68.68656716417911
"de Blois, Victorique (ヴィクトリカ・ド・ブロワ)",67.18857142857142
"Miya, Atsumu (宮 侑)",65.88888888888889
"Mayer, Re-l (リル・メイヤー)",72.74259448416751
"Nouzen, Shinei (シンエイ・ノウゼン)",69.23034154090548
"Miyauchi, Renge (宮内 れんげ)",72.74259448416751
"Midorikawa, Hana (緑川 花)",66.44648093841643
"Edogawa, Ranpo (江戸川 乱歩)",71.03751803751804
Inuyasha (犬夜叉),71.03751803751804
"Kuchiki, Byakuya (朽木 白哉)",71.03751803751804
"Sagara, Sousuke (相良 宗介)",67.97878787878788
"Uchiha, Shisui (うちは シスイ)",65.33366045142296
"Flourite, Fai D. (ファイ・D・フローライト)",65.33366045142296
"Ayanokouji, Kiyotaka (綾小路 清隆)",72.74259448416751
"Hellscythe, Eucliwood (ユークリウッド・ヘルサイズ)",68.68656716417911
"Inoue, Orihime (井上 織姫)",66.54481132075472
"Might, Guy (マイト・ガイ)",66.02214022140221
Legoshi (レゴシ),72.74259448416751
"Saiki, Kusuo (斉木 楠雄)",72.74259448416751
"Kaname, Madoka (鹿目 まどか)",71.03751803751804
Filo (フィーロ),65.33366045142296
"Reigen, Arataka (霊幻 新隆)",74.75775434243177
"Hoshino, Aquamarine (星野 愛久愛海)",70.9160530191458
"Ghirga, Narancia (ナランチャ・ギルガ)",67.97878787878788
"Nagi, Seishirou (凪 誠士郎)",69.23034154090548
Yoshino (四糸乃),66.02214022140221
Decim (デキム),74.24150943396226
"Ichihara, Yuuko (壱原侑子)",72.74259448416751
"Koga, Tomoe (古賀 朋絵)",69.23034154090548
"Akabane, Karma (赤羽 業)",72.74259448416751
Dante (ダンテ),71.03751803751804
"Kazami, Yuuji (風見 雄二)",65.39733333333334
"Kurono, Kei (玄野 計)",70.9160530191458
"Lockser, Juvia (ジュビア・ロクサー)",66.44648093841643
"Kagari, Atsuko (アツコ・カガリ)",69.23034154090548
Nine (ナイン（九重 新）),67.97878787878788
Goblin Slayer (ゴブリンスレイヤー),67.97878787878788
"Nanami, Mami (七海 麻美)",72.74259448416751
Casca (キャスカ),70.14073426573427
Deidara (デイダラ),72.74259448416751
"Yamada Asaemon, Sagiri (山田浅ェ門 佐切)",66.44648093841643
"Kurose, Maria (黒瀬 海愛)",65.39733333333334
"Izumi, Konata (泉こなた)",72.74259448416751
"Lenz, Krista (クリスタ・レンズ)",65.88888888888889
"Scarlet, Erza (エルザ・スカーレット)",74.24150943396226
"Sturluson, Celty (セルティ・ストゥルルソン)",74.24150943396226
"Shirasaki, Kaori (白崎 香織)",65.88888888888889
"Bloodfallen, Shalltear (シャルティア・ブラッドフォールン)",66.44648093841643
"Kukumila, Kurena (クレナ・ククミラ)",72.74259448416751
Asta (アスタ),72.74259448416751
"Hekmatyar, Koko (ココ・ヘクマティアル)",69.23034154090548
"Kugisaki, Nobara (釘崎 野薔薇)",71.03751803751804
"Yamato, Kira (キラ・ヤマト)",65.33366045142296
"Nandaba, Naota (ナンダバ・ナオ太)",66.44648093841643
YoRHa 2-gou B-gata (ヨルハ2号B型),66.44648093841643
"Kuchiki, Rukia (朽木 ルキア)",70.14073426573427
"Kyouraku, Jirou Souzousuke Shunsui (京楽 次郎 総蔵佐 春水)",66.44648093841643
"Kira, Yoshikage (吉良 吉影)",71.03751803751804
"Keehl, Mihael (ミハエル・ケール)",67.18857142857142
"Kakyouin, Noriaki (花京院 典明)",72.74259448416751
Elaina (イレイナ),72.74259448416751
Bishamon (毘沙門),66.54481132075472
"Toudou, Aoi (東堂 葵)",72.74259448416751
"Sakura, Kyouko (佐倉 杏子)",72.74259448416751
"Hiratsuka, Shizuka (平塚 静)",70.9160530191458
"Yao, Ling (リン・ヤオ)",70.9160530191458
"Yasuri, Shichika (鑢 七花)",66.02214022140221
The Count of Monte Cristo (モンテ・クリスト伯爵),65.48948374760994
Kurama (蔵馬),65.33366045142296
Neferpitou (ネフェルピトー ),65.33366045142296
Nikaidou (二階堂),66.44648093841643
"Tenjou, Utena (天上 ウテナ)",66.44648093841643
"Mishima, Hitomi (三嶋 瞳)",67.40469973890339
Black★Rock Shooter (ブラック★ロックシューター),65.33366045142296
"Kashiwazaki, Sena (柏崎 星奈)",67.18857142857142
"Hatsune, Miku (初音 ミク)",69.23034154090548
"Watanuki, Kimihiro (四月一日 君尋)",66.44648093841643
"Yamada, Anna (山田 杏奈)",65.88888888888889
"Heiwajima, Shizuo (平和島 静雄)",71.03751803751804
"Dustiness Ford, Lalatina (ダスティネス・フォード・ララティーナ / ダクネス)",71.03751803751804
"Akai, Shuuichi (赤井 秀一)",66.02214022140221
"Arima, Kana (有馬 かな)",71.03751803751804
"Kaiba, Seto (海馬 瀬人)",65.39733333333334
"Hasegawa, Taizou (長谷川 泰三)",71.03751803751804
"Hanekawa, Tsubasa (羽川 翼)",71.03751803751804
"Nakano, Miku (中野 三玖)",75.32440657334145
"Sugawara, Koushi (菅原 孝支)",66.44648093841643
Levi (リヴァイ),63.74794069192751
"Heartfilia, Lucy (ルーシィ・ハートフィリア)",72.74259448416751
"Souma, Shigure (草摩 紫呉)",66.44648093841643
"Matou, Sakura (間桐 桜)",67.46134663341645
"Chouno, Hina (蝶野 雛)",68.68656716417911
"Katsura, Hinagiku (桂ヒナギク)",67.18857142857142
"Braun, Reiner (ライナー・ブラウン)",72.74259448416751
"Satou, Kazuma (佐藤 和真)",72.74259448416751
"Oshino, Shinobu (忍野 忍)",71.03751803751804
"Kanroji, Mitsuri (甘露寺 蜜璃)",71.03751803751804
"Tsukishima, Kei (月島 蛍)",72.74259448416751
"Valentine, Faye (フェイ・バレンタイン)",72.74259448416751
Migi (ミギー),71.03751803751804
"Kirigiri, Kyouko (霧切 響子)",70.14073426573427
Koro-sensei (殺せんせー),74.24150943396226
"Jin, Mo-Ri (진 모리)",65.33366045142296
"Oda, Sakunosuke (織田 作之助)",63.74794069192751
"Uzumaki, Boruto (うずまき ボルト)",65.33366045142296
"Hiiragi, Kagami (柊かがみ)",68.68656716417911
"Kim, Dokja (김 독자)",66.44648093841643
Twelve (ツエルブ（久見 冬二）),72.74259448416751
"Sawada, Tsunayoshi (沢田 綱吉)",72.74259448416751
"Freecss, Gon (ゴン＝フリークス)",72.74259448416751
"Kuroko, Tetsuya (黒子 テツヤ)",72.74259448416751
"Shiba, Tatsuya (司波 達也)",69.23034154090548
"Iino, Miko (伊井野 ミコ)",71.03751803751804
"Son, Hak (ソン・ハク)",70.14073426573427
Escanor (エスカノール),69.23034154090548
"Zoldyck, Illumi (イルミ＝ゾルディック)",63.96949602122016
"Liebert, Johan (ヨハン・リーベルト)",72.74259448416751
"Redfox, Gajeel (ガジル・レッドフォックス)",67.18857142857142
"Finger, Pieck (ピーク・フィンガー)",65.33366045142296
"Matoi, Ryuuko (纏 流子)",71.03751803751804
Jiraiya (自来也),67.97878787878788
"Gojou, Wakana (五条 新菜)",66.44648093841643
"Hiraga, Saito (平賀 才人)",67.97878787878788
"Ononoki, Yotsugi (斧乃木 余接)",72.74259448416751
"Joestar, Jonathan (ジョナサン・ジョースター)",70.9160530191458
"Yasuraoka, Hanabi (安楽岡 花火)",67.46134663341645
Esdeath (エスデス),72.74259448416751
"Sawabe, Tsubaki (澤部 椿)",67.46134663341645
"Uzumaki, Naruto (うずまき ナルト)",74.75775434243177
"Ryoumen, Sukuna (両面 宿儺)",69.23034154090548
"Toosaka, Rin (遠坂 凛)",69.23034154090548
"Malandro, Michiko (ミチコ・マランドロ)",66.44648093841643
"Matsuoka, Rin (松岡 凛)",71.03751803751804
Cadis Etrama Di Raizel (카디스 에트라마 디 라이제르 / カディス・エトラマ・デ・ライジェル),65.33366045142296
"Mitaka, Asa (三鷹 アサ)",68.68656716417911
"Mashima, Taichi (真島 太一)",70.9160530191458
Nero (黒ネロ),67.97878787878788
"Ouma, Shuu (桜満 集)",67.18857142857142
"Lee, Rock (ロック・リー)",68.68656716417911
"Tabata, Hidenori (田畑 ヒデノリ)",66.37868020304569
"Souma, Hatsuharu (草摩 潑春)",65.39733333333334
"Hyakuya, Mikaela (百夜 ミカエラ)",72.74259448416751
"Takanashi, Rikka (小鳥遊 六花)",74.24150943396226
"Kougami, Shinya (狡噛 慎也)",66.97101449275362
"Adagaki, Aki (安達垣 愛姫)",66.44648093841643
"Koiwai, Yotsuba (小岩井 四葉)",69.23034154090548
Nyaruko (ニャル子),63.96949602122016
"Miketsukami, Soushi (御狐神双熾)",66.44648093841643
"Voldigoad, Anos (アノス・ヴォルディゴード)",69.23034154090548
"Brando, Dio (ディオ・ブランドー)",71.03751803751804
"Fushiguro, Touji (伏黒 甚爾)",69.23034154090548
"Himura, Kenshin (緋村 剣心)",74.24150943396226
"Hawkeye, Riza (リザ・ホークアイ)",72.74259448416751
"Rockbell, Winry (ウィンリィ・ロックベル)",71.03751803751804
"Komaeda, Nagito (狛枝 凪斗)",69.23034154090548
Haji (ハジ),66.02214022140221
"Bradley, King (キング・ブラッドレイ)",66.71498771498771
Chousou (脹相),65.33366045142296
"Kuujou, Jolyne (空条 徐倫)",71.03751803751804
"Yang, Wen-li (ヤン・ウェンリー)",71.03751803751804
"Aihara, Yuzu (藍原 柚子)",65.33366045142296
"Noda, Megumi (野田恵)",66.44648093841643
"Tu Oderschvank, Nelliel (ネリエル・トゥ・オーデルシュヴァンク)",66.44648093841643
"Agatsuma, Zenitsu (我妻 善逸)",74.24150943396226
"Ichimaru, Gin (市丸 ギン)",72.74259448416751
Gally (ガリィ),65.88888888888889
"Greyrat, Rudeus (ルーデウス・グレイラット)",68.68656716417911
"Itadori, Yuuji (虎杖 悠仁)",72.74259448416751
"Sakurazaka, Shiori (桜坂 詩織)",71.03751803751804
"Yuurakutei, Yakumo (八代目 有楽亭 八雲)",65.33366045142296
"Tadano, Hitohito (只野 仁人)",66.44648093841643
"Azazel, Amelie (アザゼル・アメリ)",63.74794069192751
Noi (能井),63.74794069192751
"Sano, Manjirou (佐野 万次郎)",70.20833333333333
"Mogami, Kyouko (最上 キョーコ)",67.18857142857142
Meruem (メルエム),74.24150943396226
Griffith (グリフィス),71.03751803751804
"Morokuzu, Takehito (諸葛 岳人)",65.33366045142296
"Sakamaki, Izayoi (逆廻 十六夜)",65.33366045142296
"Urahara, Kisuke (浦原 喜助)",72.74259448416751
"Seiei, Setsuna F. (刹那・F・セイエイ)",69.23034154090548
Tomoe (巴衛),71.03751803751804
Senko (仙狐),66.75105485232068
Leone (レオーネ),65.88888888888889
"Harima, Kenji (播磨 拳児)",72.74259448416751
"Vermillion, Stella (ステラ・ヴァーミリオン)",67.97878787878788
"Todoroki, Shouto (轟 焦凍)",72.74259448416751
"Zaraki, Kenpachi (更木 剣八)",72.74259448416751
"Tomioka, Giyuu (冨岡 義勇)",67.97878787878788
"Tachibana, Kanade (立華 かなで / 天使)",74.68365553602811
"Edogawa, Conan (江戸川 コナン)",71.03751803751804
"Nava, Milim (ミリム・ナーヴァ)",70.14073426573427
"Charlotte, Katakuri (シャーロット・カタクリ)",71.03751803751804
"Mikoshiba, Mikoto (御子柴 実琴)",69.23034154090548
"Haibara, Ai (灰原 哀)",71.03751803751804
"Araragi, Koyomi (阿良々木 暦)",72.44827586206897
"Sonozaki, Shion (園崎 詩音)",66.37868020304569
"Portor, Feitan (フェイタン＝ポートオ)",69.23034154090548
"Kousaka, Kirino (高坂 桐乃)",65.33366045142296
"Kaizaki, Arata (海崎 新太)",66.44648093841643
"Kuroo, Tetsurou (黒尾 鉄朗)",69.23034154090548
Thorkell (トルケル),65.33366045142296
Future Trunks (未来のトランクス),70.14073426573427
"James Moriarty, William (ウィリアム・ジェームズ・モリアーティ)",69.23034154090548
"Nakamura, Yuri (仲村 ゆり)",71.03751803751804
"Brunestud, Arcueid (アルクェイド・ブリュンスタッド)",63.74794069192751
"Usui, Takumi (碓氷 拓海)",72.74259448416751
Teresa (テレサ),69.23034154090548
"Shiota, Nagisa (潮田 渚)",71.03751803751804
"Smith, Erwin (エルヴィン・スミス)",72.44827586206897
"Kitagawa, Marin (喜多川 海夢)",71.03751803751804
"Son, Gohan (孫 悟飯)",72.74259448416751
"Miyuki, Kazuya (御幸 一也)",72.74259448416751
"Teppelin, Nia (ニア・テッペリン)",67.97878787878788
"Sakuragi, Rokurouta (桜木 六郎太)",66.44648093841643
Usopp (ウソップ),68.68656716417911
"Inaba, Himeko (稲葉 姫子)",69.23034154090548
Sanji (サンジ),71.03751803751804
"Kurosaki, Tasuku (黒崎 祐)",66.4142259414226
"Nanami, Chiaki (七海 千秋)",71.03751803751804
"Hashibira, Inosuke (嘴平 伊之助)",71.03751803751804
"Mista, Guido (グイード・ミスタ)",71.03751803751804
"Iwatani, Naofumi (岩谷 尚文)",66.02214022140221
"Sasaki, Kojirou (佐々木 小次郎)",66.44648093841643
"Walker, Allen (アレン・ウォーカー)",75.32440657334145
"Hyoudou, Issei (兵藤一誠)",71.03751803751804
"Furuhashi, Fumino (古橋 文乃)",68.68656716417911
"Orihara, Izaya (折原 臨也)",72.74259448416751
Simon (シモン),74.24150943396226
"Sakura, Chiyo (佐倉 千代)",66.02214022140221
"Kousaka, Honoka (高坂 穂乃果)",65.33366045142296
"Jakuzure, Nonon (蛇崩 乃音)",70.9160530191458
Yukine (雪音),72.74259448416751
"Nishikino, Maki (西木野 真姫)",72.74259448416751
"Nakano, Itsuki (中野 五月)",69.23034154090548
"Maou, Sadao (真奥 貞夫 / サタン・ジャコブ)",65.88888888888889
"Ikishima, Midari (生志摩 妄)",66.02214022140221
"Onodera, Kosaki (小野寺 小咲)",72.74259448416751
Reze (レゼ),70.9160530191458
"Morinome, Shinako (森ノ目 榀子)",63.521126760563384
"Sugimoto, Saichi (杉元 佐一)",67.97878787878788
"Kajou, Ayame (華城 綾女)",65.33366045142296
"Nakajima, Atsushi (中島 敦)",66.44648093841643
"Akutagawa, Ryuunosuke (芥川 龍之介)",70.9160530191458
"Yukinoshita, Yukino (雪ノ下 雪乃)",72.74259448416751
"Stanfield, Claire (クレア・スタンフィールド)",67.97878787878788
"Furukawa, Nagisa (古河 渚)",69.23034154090548
"Koito, Yuu (小糸 侑)",69.23034154090548
"Yagami, Light (夜神 月)",69.23034154090548
Kamui (神威),69.23034154090548
"Bokuto, Koutarou (木兎 光太郎)",71.03751803751804
"Tainaka, Ritsu (田井中 律)",68.68656716417911
"Nakiri, Alice (薙切 アリス)",71.03751803751804
"Yabuki, Joe (矢吹 丈)",71.03751803751804
"Yuzaki, Tsukasa (由崎 司)",69.23034154090548
"Kiriyama, Rei (桐山 零)",71.03751803751804
Nami (ナミ),71.03751803751804
Fern (フェルン),72.74259448416751
"Tokisaki, Kurumi (時崎 狂三)",72.74259448416751
"Iki, Hiyori (壱岐 ひより)",66.02214022140221
Aka no Saber (赤のセイバー),67.40469973890339
"Watanabe, Akari (渡辺 星)",67.18857142857142
Miia (ミーア),65.88888888888889
"Kaidou, Shun (海藤 瞬)",72.74259448416751
"Wistalia, Zen (ゼン・ウィスタリア)",66.44648093841643
"Tachibana, Taki (立花 瀧)",66.37868020304569
"Lion, Ryuu (リュー・リオン)",66.44648093841643
"Asada, Shino (朝田 詩乃)",71.03751803751804
"Black, Jet (ジェット・ブラック)",65.33366045142296
"Katsuragi, Keima (桂木 桂馬)",69.23034154090548
"Kushieda, Minori (櫛枝 実乃梨)",70.9160530191458
"Tobiichi, Origami (鳶一 折紙)",66.02214022140221
"Shigaraki, Tomura (死柄木 弔)",69.23034154090548
"Leonhart, Annie (アニ・レオンハート)",75.32440657334145
Angel Devil (天使の悪魔),66.44648093841643
"Ayuzawa, Misaki (鮎沢 美咲)",71.03751803751804
"Hanma, Baki (範馬 刃牙)",65.88888888888889
"Greyrat, Eris Boreas (エリス・ボレアス・グレイラット)",72.74259448416751
"Tony Tony, Chopper (トニートニー・チョッパー)",72.74259448416751
"Nagachika, Hideyoshi (永近 英良)",67.97878787878788
"Enma, Ai (閻魔 あい)",66.44648093841643
Yue (ユエ),70.9160530191458
"Bakugou, Katsuki (爆豪 勝己)",74.24150943396226
"Wong, Shorter (ショーター・ウォン)",63.74794069192751
"Fujinuma, Satoru (藤沼 悟)",72.74259448416751
"Boyle, Arthur (アーサー・ボイル)",66.44648093841643
Revy (レヴィ),71.03751803751804
"Nanjou, Sachi (南条 幸)",70.9160530191458
"Fibel, Sistine (システィーナ=フィーベル)",67.18857142857142
"Ibuki, Fuuko (伊吹 風子)",67.46134663341645
"Amane, Suzuha (阿万音 鈴羽)",71.03751803751804
"Brown, Nicolas (ニコラス・ブラウン)",69.23034154090548
"Nakahara, Sunako (中原 スナコ)",66.37868020304569
Bojji (ボッジ),66.02214022140221
Reborn (リボーン),65.33366045142296
Ryuk (リューク),71.03751803751804
"Hishiro, Chizuru (日代 千鶴)",67.97878787878788
"Kamijou, Touma (上条 当麻)",65.88888888888889
Megumin (めぐみん),74.24150943396226
"Akaza, Akari (赤座 あかり)",66.44648093841643
"Shinonome, Hakase (はかせ)",65.33366045142296
"Lunge, Heinrich (ハインリッヒ・ルンゲ)",65.33366045142296
Howl (ハウル),65.33366045142296
"Cifer, Ulquiorra (ウルキオラ・シファ)",71.03751803751804
"Ishida, Shouya (石田 将也)",72.74259448416751
"Kobayashi, Rindou (小林 竜胆)",66.44648093841643
"Lawliet, L (エル ローライト)",65.48948374760994
"Nakano, Ichika (中野 一花)",67.97878787878788
"Miki, Sayaka (美樹 さやか)",69.23034154090548
Kuro no Rider (黒のライダー),67.46134663341645
Askeladd (アシェラッド),71.03751803751804
"von Einzbern, Illyasviel (イリヤスフィール・フォン・アインツベルン)",68.68656716417911
"Kanbe, Daisuke (神戸 大助)",66.71498771498771
Viral (ヴィラル),69.23034154090548
"Kirstein, Jean (ジャン・キルシュタイン)",72.74259448416751
"Ainsworth, Elias (エリアス・エインズワーズ)",71.03751803751804
"Tanaka, Aiko (田中 愛子)",70.14073426573427
Orochimaru (大蛇丸),71.03751803751804
"Fujiwara, Takumi (藤原 拓海)",66.44648093841643
"Shinomiya, Kaguya (四宮 かぐや)",72.74259448416751
"Nanami, Kento (七海 建人)",72.74259448416751
"Natsuki, Subaru (ナツキ・スバル)",74.24150943396226
"Martinez, David (デイビッド・マルティネス)",66.44648093841643
Undertaker (葬儀屋（アンダーテイカー）),72.74259448416751
"Akaashi, Keiji (赤葦 京治)",66.44648093841643
"Okazaki, Ushio (岡崎 汐)",70.14073426573427
"Hibari, Kyouya (雲雀 恭弥)",74.75775434243177
Chelsea (チェルシー),66.44648093841643
Bentham (ベンサム),65.88888888888889
Shana (シャナ),71.03751803751804
"Takamura, Mamoru (鷹村 守)",72.74259448416751
"Dazai, Osamu (太宰 治)",74.24150943396226
"Kasuga, Ayumu (春日 歩)",66.02214022140221
"Abarai, Renji (阿散井 恋次)",66.02214022140221
Rebecca (レベッカ),71.03751803751804
Pino (ピノ),67.18857142857142
Holo (ホロ),72.44827586206897
"Lucilfer, Chrollo (クロロ＝ルシルフル)",71.03751803751804
Clare (クレア),67.18857142857142
"Joestar, Joseph (ジョセフ・ジョースター)",72.74259448416751
"Kinomoto, Sakura (木之本 さくら)",67.97878787878788
Sasori (サソリ),65.88888888888889
"Ryougi, Shiki (両儀 式)",68.68656716417911
"Nagato, Yuki (長門 有希)",71.03751803751804
"Polnareff, Jean-Pierre (ジャン＝ピエール・ポルナレフ)",66.71498771498771
"Nishinoya, Yuu (西谷 夕)",72.74259448416751
Kite (カイト),65.88888888888889
Shirayuki (白雪),67.18857142857142
"Tepes, Krul (クルル・ツェペシ)",65.33366045142296
Scar (スカー (傷の男)),66.44648093841643
"Elric, Edward (エドワード・エルリック)",74.75775434243177
"Daidouji, Tomoyo (大道寺 知世)",65.88888888888889
"Yamauchi, Sakura (山内 桜良)",70.9160530191458
Sora (空),74.24150943396226
"Silva, Noelle (ノエル・シルヴァ)",69.23034154090548
"Kurumizawa McDowell, Satanichia (胡桃沢=サタニキア=マクドウェル)",67.18857142857142
"Hori, Kyouko (堀 京子)",69.23034154090548
"Horikita, Suzune (堀北 鈴音)",76.13282773564464
Aqua (アクア),71.03751803751804
"Dola, Schwi (シュヴィ・ドーラ)",69.23034154090548
"Foster, Isaac (アイザック・フォスター)",71.03751803751804
"Kagenou, Cid (シド・カゲノー)",71.03751803751804
"Ooto, Ai (大戸 アイ)",66.02214022140221
"Nanakusa, Nazuna (七草 ナズナ)",72.74259448416751
"Takagi, Yasushi (高木 泰士)",70.14073426573427
"Dostoyevsky, Fyodor (フョードル・ドストエフスキー)",67.40469973890339
Hanako-kun (花子くん),68.68656716417911
Happy (ハッピー),66.02214022140221
"Izumi, Sagiri (和泉 紗霧)",65.33366045142296
Sniper Kamen (スナイパー仮面),66.44648093841643
"Tenma, Kenzou (天馬 賢三)",71.03751803751804
"Hinazuki, Kayo (雛月 加代)",69.23034154090548
"Vermillion, Mereoleona (メレオレオナ・ヴァーミリオン)",68.68656716417911
"Ikari, Shinji (碇 シンジ)",74.75775434243177
"Yuzuriha, Inori (楪 いのり)",72.74259448416751
"Inoue, Takina (井ノ上 たきな)",72.74259448416751
"Suzumiya, Haruhi (涼宮 ハルヒ)",68.68656716417911
"Ishigami, Yuu (石上 優)",71.03751803751804
"Speeddraw, Fremy (フレミー・スピッドロウ)",66.44648093841643
Takagi (高木),72.74259448416751
Saitama (サイタマ),71.03751803751804
Thorfinn (トルフィン),72.74259448416751
"Kaneki, Ken (金木 研)",74.24150943396226
Kamina (カミナ),74.75775434243177
Pain (ペイン),72.74259448416751
"Aisaka, Taiga (逢坂 大河)",70.14073426573427
"Kise, Ryouta (黄瀬 涼太)",67.46134663341645
"Tanaka, Asuka (田中 あすか)",65.33366045142296
"Suzuya, Juuzou (鈴屋 什造)",72.74259448416751
"Amajiki, Tamaki (天喰 環)",63.96949602122016
"Kita, Ikuyo (喜多 郁代)",70.9160530191458
Sephiroth (セフィロス),63.96949602122016
Nausicaä (ナウシカ),71.03751803751804
Puck (パック),65.33366045142296
"Onodera, Punpun (小野寺 プンプン)",71.03751803751804
Emilia (エミリア),71.03751803751804
"Momozono, Nanami (桃園 奈々生)",66.54481132075472
Friend (ともだち),66.44648093841643
Tooru (トール),67.40469973890339
"Yotsuya, Miko (四谷 みこ)",65.33366045142296
"Makise, Kurisu (牧瀬 紅莉栖)",71.03751803751804
Vegeta (ベジータ),71.03751803751804
"Kaizuka, Inaho (界塚 伊奈帆)",69.23034154090548
"Osaki, Nana (大崎 ナナ)",72.74259448416751
"Karuizawa, Kei (軽井沢 恵)",63.96949602122016
"Dunois, Charlotte (シャルロット デュノア)",70.14073426573427
"Busujima, Saeko (毒島 冴子)",71.03751803751804
"Katsuki, Yuuri (勝生 勇利)",67.46134663341645
Keyaru (ケヤル／ケヤルガ),66.44648093841643
"Uchiha, Sasuke (うちは サスケ)",69.23034154090548
Tsukuyo (月詠),72.74259448416751
"Yukihira, Souma (幸平 創真)",69.23034154090548
Tsunade (綱手),66.44648093841643
"Fudou, Akira (不動 明)",66.02214022140221
"Tachibana, Rui (橘 瑠衣)",71.03751803751804
"Dracule, Mihawk (ジュラキュール・ミホーク)",63.96949602122016
Sakamoto (阪本),65.88888888888889
"Fairbrook Wingates Hellsing, Integra (インテグラル・ファルブルケ・ウィンゲーツ・ヘルシング)",70.9160530191458
"Yeager, Eren (エレン・イェーガー)",72.74259448416751
"Honma, Meiko (本間 芽衣子)",72.74259448416751
King (キング),66.44648093841643
"Tanaka, Ryuunosuke (田中 龍之介)",70.9160530191458
Mugen (無限),74.24150943396226
Mumen Rider (無免ライダー),67.97878787878788
"Urabe, Mikoto (卜部美琴)",69.23034154090548
"Nishimiya, Shouko (西宮 硝子)",71.03751803751804
Ruler (ルーラー),67.97878787878788
Twenty-Fifth Bam (스물다섯번째 밤 / 夜),65.33366045142296
"Fernandes, Jellal (ジェラール・フェルナンデス)",66.02214022140221
"Phantomhive, Ciel (シエル・ファントムハイヴ)",72.74259448416751
Sinbad (シンドバッド),72.74259448416751
"Himejima, Akeno (姫島 朱乃)",71.03751803751804
"Netero, Isaac (アイザック＝ネテロ)",69.23034154090548
"Hohenheim, Van (ヴァン・ホーエンハイム)",65.33366045142296
"Saotome, Mary (早乙女 芽亜里)",70.9160530191458
"Aoyama, Nanami (青山 七海)",66.02214022140221
Tobi (トビ),65.33366045142296
"Evans, Soul Eater (ソウル・イーター・エヴァンス)",71.03751803751804
"Tsunemori, Akane (常守 朱)",71.03751803751804
